{"cameraMode":{"drawMode":0,"name":"Shaded","section":"Shading Mode"},"sceneLighting":false,"audioPlay":false,"sceneViewState":{"m_AlwaysRefresh":false,"showFog":true,"showSkybox":false,"showFlares":true,"showImageEffects":true,"showParticleSystems":true,"showVisualEffectGraphs":true,"m_FxEnabled":true},"in2DMode":false,"pivot":{"x":-2.0289065837860109,"y":-1.7122974395751954,"z":21.0202693939209},"rotation":{"x":-0.07218661904335022,"y":0.04160905256867409,"z":-0.0029909536242485048,"w":-0.9965314269065857},"size":12.12435531616211,"orthographic":false}