{"cameraMode":{"drawMode":0,"name":"Shaded","section":"Shading Mode"},"sceneLighting":false,"audioPlay":false,"sceneViewState":{"m_AlwaysRefresh":false,"showFog":true,"showSkybox":false,"showFlares":true,"showImageEffects":true,"showParticleSystems":true,"showVisualEffectGraphs":true,"m_FxEnabled":true},"in2DMode":false,"pivot":{"x":-4.210225582122803,"y":0.13297516107559205,"z":16.602521896362306},"rotation":{"x":-0.04862556979060173,"y":0.215260311961174,"z":-0.010708223097026348,"w":-0.9752998948097229},"size":13.779924392700196,"orthographic":false}